_id,name,rating,n
76561198048532604,Latrommi,42.584503173828125,225
76561198028376914,winz,40.392921447753906,227
76561198002515349,delulu navigator,39.80954360961914,2625
76561198084461653,edd1,39.69597625732422,128
76561198167397269,M0rtr3D,39.12042236328125,5
76561198149540641,chr,39.01982879638672,1010
76561198054844275,EGB PAVEL,37.27510070800781,329
76561198005108987,Wrate,37.10896301269531,6
76561198361184829,x x a w x,37.00156784057617,6
76561198044065399,krysa,36.27463150024414,31
76561198068827339,Divan,36.109310150146484,3
76561198340850451,bl4jnd,36.00132369995117,85
76561198258257656,massoth,35.80751037597656,6
76561198136963513,serious,35.457237243652344,32
76561198033439430,MASTERZENMIND,35.36933517456055,197
76561198043070738,Nex,35.260414123535156,1161
76561198033171295,lith,34.976234436035156,45
76561198045866799,abso,34.9581413269043,637
76561198034120620,ash | EGB,34.71157455444336,367
76561197965781736,n0rther [twitch.tv/n0rtherTV],34.65408706665039,5
76561198264657389,NnewOne,34.638572692871094,396
76561198239142044,SPART1E,34.59083938598633,344
76561198257561075,antonio_by,34.47492980957031,757
76561198106787712,randall,34.359954833984375,1797
76561198088925347,CUBA lumi,34.097869873046875,390
76561198071790408,UwU,34.04475021362305,130
76561198010942011,2z Silencep,33.92412185668945,4
76561198177289614,oh.cwirru,33.82143020629883,3
76561198108097786,BARRYBABUIN,33.73067092895508,1
76561198150558999,3EO.WitreX,33.67864227294922,1
76561198022534637,prodigy,33.63304138183594,1276
76561198004758770,Mad,33.32327651977539,5
76561198069103826,cas,33.21817398071289,8
76561197996226415,2dg,33.16579818725586,179
76561198256352933,Шуруп,32.82155990600586,1674
76561198043345474,cockroach,32.80393981933594,23
76561198077163281,dem0n,32.66770553588867,40
76561198257437671,^Wood,32.539493560791016,2487
76561198032236208,enesy,32.520301818847656,202
76561198800999671,shiieeet,32.47257995605469,3
76561197972946521,oddi,32.43864059448242,391
76561198171861028,gienon,32.38860321044922,113
76561198256649166,kenny,31.95909881591797,394
76561197992862603,HazteR,31.863704681396484,9
76561198014377021,Eduard Rince Laser,31.74371910095215,2
76561198258081111,VK Lv4Hell,31.738346099853516,6
76561198017024244,Kranto,31.54111099243164,2
76561198116487881,Evgen,31.54111099243164,2
76561198118249863,dvx,31.459543228149414,2
76561198179297405,♠Raicus♠,31.330585479736328,2
76561197960762127,Bani,31.321870803833008,2
76561198214478439,Peny,31.274147033691406,3
76561198057787818,SidiR,31.26136016845703,4
76561198369975584,Bala,31.259265899658203,4
76561198311021830,Tempest FIN,31.259265899658203,4
76561198025153944,鬱,31.259265899658203,4
76561198013666605,Ant3stor,31.224428176879883,1594
76561198117978344,ṁǔτⱥṅτ›,31.107351303100586,118
76561197961473367,CUBA BóBr:B,30.959463119506836,1771
76561198001355736,iceman,30.94354820251465,193
76561198027593808,MAkc_IIIUHA,30.78003692626953,1
76561198307856465,Nozomi!,30.78003692626953,1
76561198397169363,YtkS4,30.78003692626953,1
76561198074401741,ДЕТЕКТИВ КАРТЕР,30.78003692626953,1
76561198963355393,Na`Vi | friberg,30.78003692626953,1
76561198151161266,John Priest,30.78003692626953,1
76561197993233912,proZaC,30.717634201049805,311
76561198039669270,LeXeR,30.619672775268555,2
76561198347688497,bazara 0,30.619672775268555,2
76561198154943013,laRsinj0,30.619667053222656,125
76561198271385073,Heck,30.597082138061523,1
76561198034970385,aiken,30.55318260192871,2
76561198035671947,siskins,30.46742820739746,2252
76561198089070422,Juven1le,30.349258422851562,140
76561198032873189,noctis,30.32586669921875,164
76561197960308495,fazz,30.31077003479004,40
76561197960547060,exooo,30.23330307006836,26
76561197964623506,dehumanizeR,30.232011795043945,1130
76561198053960733,Frigolx,30.2099666595459,382
76561198256878090,httfnttr,30.2054386138916,23
76561198058257183,Hexal1t,30.196374893188477,4
76561198047546533,Faith,30.184837341308594,4
76561197981551565,Habesz,30.184837341308594,4
76561198202240614,fagyi | Gamdom.com CSGO500,30.184837341308594,4
76561198138333716,an2nygalpz,30.17691421508789,2
76561197970601766,Roe ツ,30.17691421508789,2
76561198156210520,leanimal1,29.954856872558594,33
76561198287339338,Teplo,29.91236686706543,24
76561198054865150,GV,29.908287048339844,15
76561198204862231,Yulix,29.850749969482422,3
76561198154658099,un4x,29.8223934173584,634
76561198120717321,fojez,29.748659133911133,2
76561198417305282,Ъ,29.688451766967773,387
76561198164775203,smiesznabakteria,29.606870651245117,2
76561198000621831,tszafarczyk,29.606870651245117,2
76561198228590616,ph0en|X,29.55745506286621,1
76561198042268423,jcb,29.552019119262695,9
76561197994123047,JohnWick,29.5401611328125,1079
76561198843568735,psyklesh,29.493534088134766,1
76561198023589138,ins,29.474117279052734,258
76561198072820834,Grim,29.456357955932617,1
76561198881954793,zozo,29.445486068725586,1227
76561198077505157,LxT,29.434951782226562,8
76561197978174296,Slipn,29.395832061767578,1
76561198877063627,ATOM,29.395832061767578,1
76561198057695300,pawz,29.38463020324707,30
76561198257391553,vulTure,29.339590072631836,497
76561198256203867,prestij,29.317298889160156,408
76561198967038183,Xupypr,29.303499221801758,130
76561197964625360,shuuqqxx,29.228822708129883,289
76561198216749103,Wip3out,29.19533920288086,2
76561198071771798,Punkà,29.166112899780273,2
76561198114832578,kirson,29.156415939331055,212
76561198257239941,Thranduil,29.107284545898438,244
76561198156073276,I♛könig♛I Venish,29.10668182373047,1
76561198167402681,fresARN,29.098480224609375,489
76561198414877431,phaze,29.06947135925293,245
76561198090058821,fearzhi`,28.98751449584961,698
76561197989187030,DSOP.ape,28.98413848876953,6
76561198002370961,Alostraz,28.973426818847656,65
76561197965104042,Nessy,28.937816619873047,1
76561197971841345,n4cer,28.924514770507812,3
76561198352423835,hamper_wf,28.771556854248047,136
76561198080701855,Capwn,28.661907196044922,1
76561198073796041,GZ.DECK,28.636260986328125,2
76561197960697262,lamaGra,28.627805709838867,3
76561197965029487,jeben,28.6212215423584,1
76561198013882729,Mayh,28.580373764038086,1
76561198106553923,President Berek Obama,28.557472229003906,1
76561198025670942,tripleSex,28.557432174682617,299
76561198257377273,hodlkroy,28.548004150390625,537
76561198001267637,Milashkins,28.475547790527344,100
76561198034263361,inf,28.47156524658203,1
76561197968341051,kridtben,28.47136116027832,100
76561198049404772,armaku,28.4204158782959,1
76561198325869589,UnnamedPlayer,28.36058235168457,19
76561197998869516,net_killer!!,28.358280181884766,1
76561198202963856,Fekete oves,28.32195281982422,53
76561198256633827,sorteR,28.29730796813965,1
76561197990433883,luke_ie,28.2886962890625,192
76561198023716494,spawnzzz,28.257164001464844,9
76561197991370790,gaz,28.246164321899414,329
76561198052757460,1993,28.243568420410156,317
76561197969450309,crack,28.19048500061035,1
76561198066244141,sng,28.164587020874023,2129
76561198082013304,phazephazephaze,28.1584529876709,5
76561197986865422,dipsy,28.139162063598633,1
76561198196618515,Drayan,28.11254119873047,1445
76561198891427052,Honk kaptowe4ka,28.108322143554688,1
76561198036836583,(2) Xadhoom13,28.108322143554688,1
76561198130975578,0nly10fps,28.108322143554688,1
76561197987848240,"Zwatrem, il Maestro del Tormento",28.108322143554688,1
76561197991378648,Akumetsu,28.108322143554688,1
76561198283932227,Flegminator99,28.108322143554688,1
76561198206118660,oabz,28.108322143554688,1
76561198269149938,Akill,28.108322143554688,1
76561197982344715,burtically,28.108322143554688,1
76561198118303488,Fatal1ty,28.108322143554688,1
76561198196541943,I3otOlmo,28.108322143554688,1
76561198000461926,AlexMC,28.108322143554688,1
76561198030009272,MaSTur_d@Tor |2007|,28.108322143554688,1
76561198044992446,JakeOtto,28.108322143554688,1
76561198020129504,kozlyiblin,28.108322143554688,1
76561197978788879,✪Mush - www.twitch.tv/mushhs,28.108322143554688,1
76561198222432924,Meekz,28.108322143554688,1
76561197997483962,stormen,28.108322143554688,1
76561198319368724,nātrija nitrāts,28.108322143554688,1
76561198107226977,ST4MY,28.108322143554688,1
76561198017320685,Xron,28.073211669921875,37
76561198137504755,DeRiSaS,28.072376251220703,13
76561198130891409,Pavlik,28.020132064819336,8
76561198069839493,rA Scucchi,28.011526107788086,7
76561198258378592,Zepo,28.008407592773438,1
76561198854033858,jenny26,28.004962921142578,1
76561199040611782,Railhoe,27.959857940673828,114
76561199014733145,cybulskl,27.87080955505371,1
76561198043755856,krS bousz,27.86435317993164,1
76561197986989714,Ox3k0pp,27.817298889160156,2
76561199043203800,hkloetzner,27.817298889160156,2
76561198118826625,teo四,27.802501678466797,15
76561198076904580,arronax,27.801958084106445,7
76561198166188119,vMorgan,27.795307159423828,762
76561197973313066,rdn,27.782434463500977,251
76561197981621616,Don Basilio,27.778356552124023,3
76561198010998587,Vigur,27.750673294067383,168
76561198025225261,pecka,27.720314025878906,2367
76561197983318796,ion,27.716245651245117,31
76561197982035811,na1x,27.691505432128906,9
76561197998695243,DM,27.635005950927734,387
76561198271384396,watermelon,27.61832618713379,1
76561198072121845,Ben Sanderson,27.615581512451172,3
76561197965938361,ᴴᴬᴴᴬ XDS,27.55658721923828,11
76561197972126577,Nightbringer,27.542936325073242,1
76561198039962863,maltesievers1989,27.542936325073242,1
76561199185558925,FancyFlady,27.542936325073242,1
76561198119205760,PeTaK,27.537935256958008,1
76561198186519969,TonyNZ,27.537935256958008,1
76561198815836274,Ramadan Sevgin,27.537935256958008,1
76561197986110133,[A]r3s,27.537935256958008,1
76561197978121345,WHORE pebben ( ͡° ͜ʖ ͡°),27.500614166259766,5
76561198015191195,^bS*^StrYdeR,27.493011474609375,335
76561197960705576,empish,27.49292755126953,77
76561198079788427,haz_mat,27.476633071899414,3789
76561198057170125,Broken Symmetry,27.462038040161133,16
76561198257420521,T4NKH,27.447418212890625,1860
76561198096452021,Krestjan,27.416107177734375,554
76561198257336327,flatline,27.363143920898438,51
76561198049622093,MC Brand,27.34788703918457,2
76561198004104287,UltraSuperMegaHyperProV2.,27.34788703918457,2
76561197961868292,FloorDuster,27.337604522705078,1
76561198061191813,real_grubby,27.278230667114258,2946
76561198027932374,fire_bot,27.240224838256836,80
76561198031340555,ParaNoiiA,27.204225540161133,133
76561198314528095,Bubbele,27.19791603088379,1
76561198840717632,:billy:BuHuWaraMaharaZat,27.19791603088379,1
76561198018121745,ultrakult,27.19791603088379,1
76561198078195501,Shunryu Shoshin,27.19791603088379,1
76561197974919522,Goser,27.19791603088379,1
76561198996846234,garfoofian,27.176450729370117,2
76561198027318097,@@ GreenJalapeno,27.140165328979492,3
76561198042968060,nettah,27.112436294555664,11
76561198207726407,Уильям,27.089099884033203,75
76561198064199875,invi,27.080549240112305,1274
76561198162317795,Shub-Niggurath,27.0775089263916,19
76561197992882111,stripyツ,27.035308837890625,307
76561198034258991,kakers,27.034141540527344,7
76561198052511951,/////,27.021930694580078,2
76561198093794329,BreJk,27.007938385009766,100
76561198127532963,Smolin,27.00737190246582,5
76561197985202252,diabz,26.94189453125,18
76561198101810587,Skankhunt42,26.881649017333984,2
76561198278094440,KovinisEzys,26.881649017333984,2
76561198016789302,unreal,26.858945846557617,14
76561198274445121,aesick,26.7725830078125,1266
76561198005173963,marv,26.771169662475586,1
76561198162507961,damn3d,26.769987106323242,73
76561198258932158,ven,26.761837005615234,1797
76561198088270117,pipeline,26.73935890197754,102
76561198155439342,inskill,26.726526260375977,2
76561198048696522,zik,26.717060089111328,323
76561197972539802,mschr.,26.71253776550293,79
76561198033752090,k1lljoy,26.70852279663086,2928
76561198118673208,5MeoDMT,26.69453239440918,8
76561198077398246,depas,26.68036651611328,6
76561197996816389,polterizer,26.679534912109375,16
76561198041115896,spooky,26.597171783447266,742
76561198097105723,SPQR,26.59489631652832,2
76561198005628397,^kos,26.584701538085938,459
76561198008131520,felky,26.54319190979004,6
76561198054023802,Jubei,26.53086280822754,1
76561198256444891,ȤėƦȯ‐✗,26.520944595336914,21
76561198099916327,oriano,26.512449264526367,4
76561198045563938,forGGe,26.449077606201172,1
76561197967785860,Trasan,26.42449951171875,4
76561198263101905,huma,26.4191837310791,1
76561198203005057,ParaN0id,26.35540771484375,3
76561199012705922,spider_lean mean killing machine,26.35540771484375,3
76561198053186404,Furtzilla,26.25128173828125,2087
76561197982671330,Raist,26.23836898803711,250
76561198000485856,Drebin,26.215402603149414,1352
76561198045011573,prada,26.18962287902832,6
76561198017029738,STiCKAN,26.178247451782227,189
76561198257445213,jaysson,26.132095336914062,25
76561197994335851,RELL,26.090160369873047,129
76561197986349176,v0R0N,26.058340072631836,6
76561198090785507,ｍｔｓｕ,26.04187774658203,6
76561198440329815,iamNX7,25.961429595947266,44
76561198151181920,aimbotrobe,25.942319869995117,13
76561197979975793,DSHARP3,25.93836784362793,161
76561198257385926,GATOR,25.9353084564209,2
76561198009726361,hirish,25.85030174255371,6
76561198038890529,pefdy,25.83148765563965,123
76561198010764149,stars☆☆☆,25.821853637695312,4
76561197968392776,morganz,25.79387092590332,1
76561198069650580,El grande smokio,25.79387092590332,1
76561198105772777,Darkmoon,25.79143524169922,1
76561198096844111,NoisyRain,25.79143524169922,1
76561198003938282,buffalo cowa,25.79143524169922,1
76561198008496401,calipt,25.775056838989258,36
76561198092644454,s1lek,25.715612411499023,6
76561198408900893,miso,25.68387222290039,62
76561198053563488,HERETIC,25.650428771972656,2
76561198170869827,Kbdioksith,25.634599685668945,1
76561197996988307,saka-rauka1,25.60801887512207,147
76561198190839894,k4rky,25.60423469543457,1
76561198813279052,Metlosh,25.60423469543457,1
76561198105875888,allufewi,25.60112190246582,156
76561198050090833,oi,25.565113067626953,1205
76561197994432845,psygib,25.545639038085938,3
76561197985659232,matr1x has you,25.54431915283203,996
76561198156465667,boonczek,25.524913787841797,4
76561198008016465,purri,25.518815994262695,89
76561198122684842,NDy Osnart,25.475374221801758,322
76561199223649083,tuaaa___,25.467561721801758,8
76561198059413749,POLSKA CHEATER,25.457561492919922,1
76561198043802405,Roxor,25.45372200012207,2
76561198187253523,waro,25.43593978881836,2
76561197960928741,czm,25.4298152923584,153
76561198866624417,Le_Pou,25.41538429260254,9
76561198257356475,horiz0n_,25.35858154296875,47
76561197965328941,djo9,25.356794357299805,23
76561198054960537,NeyroN,25.353574752807617,188
76561198257739055,-TDS-Miras-,25.32673454284668,1
76561198075079469,d1zulya,25.246929168701172,362
76561198199452077,estoty Klyb,25.238502502441406,19
76561198277144867,SouJirO,25.235206604003906,4
76561198138157367,crystalwi5dom,25.23505973815918,176
76561198028574601,yeah,25.22777557373047,213
76561198166603978,lethal,25.192941665649414,2635
76561197962477237,veL360,25.129610061645508,2
76561198257679175,Eteto,25.10838508605957,5017
76561198257511503,pln,25.105226516723633,2
76561198117368622,Kiffe,25.105226516723633,2
76561197972123974,ZLC,25.09481430053711,21
76561198100377700,tourbo. MARSEL,25.079790115356445,2
76561198038215627,esdf,25.075763702392578,116
76561197970783081,unmd,25.050479888916016,158
76561197994920173,Royksopp123,25.047380447387695,1
76561198062638277,WorrenB,25.047380447387695,1
76561198012001863,Techas,25.047380447387695,1
76561198023609710,Overlord10,25.047380447387695,1
76561198005206267,MoMent,25.047380447387695,1
76561197990085068,People=Shit,25.047380447387695,1
76561197988848644,RIPozord,25.0388126373291,3
76561198044068549,WzórZawodnik,25.0388126373291,3
76561198122384360,ласкi,25.027603149414062,2837
76561198026142812,Bestia Piechowiak,25.000391006469727,4
76561198014484303,wntt,24.977581024169922,59
76561198257395713,[ΠΝΔ] lost_lamb,24.976884841918945,3
76561198016543871,Hakeryk,24.9611873626709,3
76561198163019744,pastorq_,24.9611873626709,3
76561198094879447,Paularoid,24.952619552612305,1
76561197971811193,Silentdeath,24.952619552612305,1
76561197962056910,grome,24.923336029052734,4
76561199756237860,St3f4N,24.913469314575195,1521
76561198021635970,Eagleoa,24.8948917388916,41
76561198061154680,Kepuli,24.894773483276367,2
76561197990318078,zolee,24.879375457763672,27
76561197976338965,h8m3,24.85465431213379,32
76561197993228225,Qteeth,24.85247802734375,12
76561198261798195,sinc,24.85105323791504,292
76561198049184721,broNickOne,24.81458854675293,2
76561198169440326,v++cee,24.797822952270508,146
76561198130786618,Pablo,24.79258155822754,2
76561198164482709,Ťix,24.76741600036621,183
76561198257338624,indie,24.729455947875977,2
76561198097572547,zlz,24.70154571533203,238
76561198022643879,Bartek,24.69839859008789,15
76561198273482572,TGG,24.640045166015625,8
76561199113373524,SniperXXL,24.58425521850586,2
76561198345631230,THC+ stn,24.574003219604492,2
76561198043044693,etozheyoj,24.567800521850586,2
76561197976183478,ddddemetrio,24.52373504638672,5
76561198071285489,dSaster,24.455890655517578,4
76561198145502434,RTP bogOtac,24.447643280029297,92
76561198212338933,buddy™,24.42498016357422,2
76561198964665536,d3f4n3k,24.39576530456543,1
76561198033613326,287 WooT,24.372154235839844,3
76561198091735970,HDM.ru,24.369644165039062,2
76561198007335390,kon jest koniem,24.358369827270508,105
76561198102189232,b52. evt,24.3345947265625,27
76561198000088567,twitch.tv/justnvc,24.328203201293945,19
76561198834543007,froz1k,24.314664840698242,13
76561198015986693,Raketerer (Arcticon),24.280046463012695,2
76561197987922001,sharpe,24.278282165527344,77
76561198019944723,dansen,24.222177505493164,22
76561198020666459,Nykho,24.217761993408203,8
76561198107461408,Dloobiq,24.212419509887695,671
76561198804217205,Шняга шняжная,24.20856475830078,1
76561198257112666,ПУФЦЫН ЧИНЦЫН,24.20856475830078,1
76561198257306259,[ΠΝΔ] xpeHOPEз,24.191436767578125,128
76561198411704970,redonik,24.155942916870117,3
76561199000338031,shadow,24.152515411376953,11
76561197993861011,⋈ ani,24.129335403442383,43
76561198112029870,QuEaVeN,24.125333786010742,2
76561197992071504,killnOd,24.12430763244629,5
76561198257316780,tr1x0,24.119909286499023,119
76561197978616110,オリバー,24.056997299194336,382
76561198393127811,KACHOK,23.994617462158203,441
76561198257403817,cleaner_le_magnifique,23.985641479492188,21
76561198017430433,Unnamedtony,23.983213424682617,5
76561198012604537,twitch.tv/xiphosnl,23.9310359954834,69
76561198086088180,^v0lts,23.929325103759766,1
76561197990851456,v4mp,23.900787353515625,6
76561199238065944,animeme,23.868762969970703,25
76561198178287489,Kentios,23.817092895507812,3
76561198125416531,KykycuK,23.794504165649414,44
76561198026248899,zanes,23.758777618408203,228
76561198257967287,log,23.713054656982422,1
76561198367446703,SkillZ,23.699098587036133,4
76561198935637317,q2.Slash,23.64459228515625,3
76561198043635795,ThatBitchCarolBaskin,23.64459228515625,3
76561198220128147,Motohashi Nako,23.618974685668945,6
76561198053751495,kujji,23.59894561767578,5
76561198054868921,ynam,23.557178497314453,43
76561198420499838,Kemagaming46,23.553680419921875,1
76561198065587642,Tirek,23.54582405090332,6
76561198285680726,Boar of Bordeaux,23.497230529785156,2173
76561198141767332,R34.hypnoi,23.471546173095703,532
76561197963100187,dan,23.471296310424805,151
76561198008234329,MAKIE,23.43008041381836,206
76561199020037962,coffin,23.428905487060547,14
76561198017950870,Shinobbi,23.416006088256836,536
76561198379529897,え,23.40510368347168,2
76561198191100033,FF^mouse*,23.3856201171875,47
76561198380825290,DimebaG,23.36810302734375,3939
76561198027897188,CrazyAl,23.36149024963379,2
76561198195626454,coldquaker,23.333181381225586,1
76561198272631552,lepwok.,23.331085205078125,134
76561198246769036,Iconoclast,23.330400466918945,66
76561197964262936,pain2give,23.295753479003906,9
76561198259997582,Santori,23.21830940246582,1
76561199054556452,bjrn,23.21825408935547,53
76561198063443467,mirror,23.215368270874023,319
76561198010481738,Coldsteel,23.198759078979492,1
76561198071516713,paypej,23.19816017150879,6
76561198120003322,JunkZ,23.175457000732422,328
76561198162415643,stormy,23.146787643432617,9
76561198103761198,FL1NF,23.127592086791992,10
76561197961612230,Sinuh,23.118350982666016,2
76561198055555411,railas i dantis labai neskanu,23.118350982666016,2
76561198065518523,Let the mind escape,23.099342346191406,84
76561198113074125,kyzer,23.066543579101562,23
76561197989809925,Er Kirurgo,23.004291534423828,3
76561198095507584,Guard Tower,22.994319915771484,34
76561197973893045,KHAN,22.979217529296875,175
76561197974841124,hmbr,22.972774505615234,26
76561198074835822,Jello Biafra,22.955167770385742,8
76561198257382272,TeXHoHy6,22.951345443725586,1
76561198047715408,gog,22.905427932739258,566
76561198140263175,[HQF]Rina,22.88544464111328,6
76561198122379205,PsyRoZ,22.81611442565918,1
76561197995390662,fl4sky,22.8111629486084,39
76561198257412973,grF?,22.804384231567383,22
76561197964518858,Pherseus,22.80208396911621,1
76561198018257528,Passion,22.80208396911621,1
76561198274717771,SpinNeR,22.80208396911621,1
76561197975956071,coolspin,22.80208396911621,1
76561197971695985,Nutz-Crackr,22.756052017211914,1
76561198016217341,=F|A=ViP3r*,22.73756980895996,1
76561198055160390,sapegoinlove,22.73566246032715,1
76561198009539353,madviad,22.73566246032715,1
76561198139067104,Fulgore,22.732585906982422,29
76561198034044145,slack.,22.65360450744629,115
76561198169575754,Will Ryan-Stekken,22.65211296081543,2
76561197994535480,Almighty Shark,22.65211296081543,2
76561198316534406,famelic,22.609407424926758,37
76561198063034260,Insaccato,22.580101013183594,292
76561197995106824,Mou7on.sR,22.52037811279297,1
76561198868202291,dwc.motter,22.510419845581055,31
76561197966320449,soru,22.508651733398438,5
76561198062007225,KosolapY,22.500213623046875,650
76561197982804488,MaX,22.462064743041992,1
76561198029913044,Deadly_Hunt3R,22.462064743041992,1
76561198348440929,Spashett,22.462064743041992,1
76561197960312122,Herr Gesche,22.457063674926758,1
76561198130207375,Jibidi Johnson,22.457063674926758,1
76561198865700890,Nos4893,22.457063674926758,1
76561198102689156,WoloU,22.457063674926758,1
76561198066164001,anvi,22.422536849975586,7
76561197971635353,BeukeR,22.4172306060791,45
76561198119356442,Rke,22.343421936035156,23
76561198272768847,Igor Letov,22.318737030029297,2
76561197992396121,ZuLuA,22.284326553344727,53
76561198096398881,LOREAL,22.2672176361084,1
76561199009353824,Xhipper,22.23495101928711,1
76561198068070185,KungShit,22.23129653930664,245
76561197969659574,[ek.raw],22.2198429107666,12
76561198090478714,RoumanianCham,22.184743881225586,395
76561197991859219,[GOME]akaUnke,22.182701110839844,2
76561197960299765,zerdscH,22.182701110839844,2
76561197972560769,[GOME]akaStriker,22.182701110839844,2
76561198257799111,dimon,22.155078887939453,22
76561198346024921,APH3X,22.130783081054688,18
76561198256040915,Tudermaci,22.129560470581055,1
76561199025377359,Terfret,22.12919044494629,1
76561197977412349,TK,22.113611221313477,5
76561197991806608,owzo,22.0511417388916,145
76561198089456979,Stephen,22.02948570251465,1
76561198088764996,debitus,22.005170822143555,3
76561198374356354,LKFF Relaxed,21.950366973876953,1
76561198047592011,dampf_lutscht,21.936681747436523,3
76561198019672639,lici,21.914657592773438,770
76561198210212188,babka_ats,21.911697387695312,6
76561198403558645,Borderspectrum,21.90184211730957,1
76561198271539754,penicylina,21.891677856445312,1
76561199022705805,xleepy,21.891677856445312,1
76561199140092445,ED,21.891677856445312,1
76561198271074558,Imvp,21.891677856445312,1
76561198064177028,Venser,21.891677856445312,1
76561198129593114,crogeek,21.891677856445312,1
76561197995501236,Lollo Picio,21.891677856445312,1
76561197970601162,Messiah Neuranet,21.891677856445312,1
76561198939058256,Rasmus,21.891677856445312,1
76561198328225192,Friendship,21.891677856445312,1
76561198304751222,GreekDriver,21.891677856445312,1
76561197963167246,Luc,21.891677856445312,1
76561198118910196,LurKKi,21.891677856445312,1
76561198012649512,yesd33r,21.891677856445312,1
76561198273826076,Daemonium,21.891677856445312,1
76561198000262090,Cyardor,21.891677856445312,1
76561198074466358,Fin Boy,21.891677856445312,1
76561198042044411,Rez5K,21.891677856445312,1
76561198154749607,Noddson,21.863309860229492,17
76561198007693709,dwc.dyg,21.85669708251953,4
76561198025846557,ridgewater,21.834184646606445,1
76561198896988500,davidb11,21.802602767944336,3
76561198083950618,aireth,21.794034957885742,1
76561198125590774,Nikos,21.788440704345703,1
76561198433081519,Spike,21.769554138183594,1
76561198043017634,Karroider,21.769432067871094,145
76561197995384039,shiieeet,21.743968963623047,130
76561198256772293,trZt,21.7382755279541,59
76561198002753855,ANTANAS GUOGA,21.70269203186035,1
76561198389748919,sunshine,21.70269203186035,1
76561197965308771,drki,21.691139221191406,3094
76561197972125268,ttv/JustTrashTV | J0ker,21.67955207824707,1
76561198014639632,modus,21.64801788330078,4
76561198123775565,Xenogod,21.641719818115234,1
76561199142999171,knightrider,21.620935440063477,40
76561198140409663,bren,21.600576400756836,1
76561198298678851,IceCold,21.58686637878418,25
76561198314312217,PurrZ,21.5795841217041,1
76561197960311178,cl00s,21.52843475341797,1
76561197960378924,Boubou,21.514204025268555,1
76561198257762228,BanjoMe,21.477230072021484,1
76561198055276565,ConanaPaloozaᵂᴬᴿᴾ,21.475923538208008,1
76561198063072107,mothergarage,21.438880920410156,65
76561198258203435,toL,21.42946434020996,479
76561199001714968,czopkins,21.41092872619629,7
76561198257310626,TDM,21.39876937866211,199
76561197993423662,ratshit,21.39696502685547,318
76561198852739401,stynkizero,21.391992568969727,1
76561198090820971,Void,21.38193702697754,1
76561198085756619,nite,21.36577033996582,55
76561198132543406,☢️biohazzard,21.365528106689453,2147
76561198035284335,Operaattori,21.36546516418457,18
76561198053539009,Toa,21.363739013671875,2
76561198166698122,trupac,21.358076095581055,5
76561198036024827,Lmnko,21.352066040039062,4
76561198245150964,Disabled music,21.338092803955078,1
76561198078706304,812XAXAT00N,21.32171058654785,1
76561197981304478,Pyllyhermanni,21.307790756225586,1
76561198162002625,dead prez,21.289119720458984,95
76561198249641364,Timmy,21.28391456604004,45
76561197970001488,Tayski,21.268634796142578,102
76561198258587527,Уралгор,21.268205642700195,161
76561197992049496,Larre,21.267059326171875,1
76561198241584468,swd,21.26154327392578,14
76561198314080722,Pumpkin60LG,21.242210388183594,162
76561198028202694,WadaWada,21.23728370666504,1
76561197981677468,HipHopper2k7,21.22260093688965,1
76561198016188616,flukkz,21.18548011779785,1
76561198008977227,?,21.177888870239258,1
76561198121149817,WitcherTM ( ͡° ͜ʖ ͡°),21.17548370361328,1
76561198028016604,Baldur,21.142723083496094,1
76561197992666146,ALF1TO,21.140085220336914,66
76561198255810425,ejo,21.11043930053711,142
76561198001368491,wombat,21.10719871520996,1
76561198061404490,Ryuuk,21.083009719848633,1
76561198093037195,ZUSTARK,21.082584381103516,169
76561198257521635,markymark,21.08028221130371,1
76561198168168980,aKa_WalL3r,21.079408645629883,1
76561198257433093,ceno,21.076871871948242,3
76561197972822622,keks_,21.070592880249023,81
76561197970371067,LemmingNr13,21.065231323242188,28
76561199758521110,baxyc,21.061676025390625,316
76561198028901299,Panx,21.036081314086914,1
76561198255736445,Grandbolus,21.03287124633789,1066
76561197993505667,L1mple,21.029048919677734,1
76561197977095212,Sture,21.008790969848633,3
76561198256505513,V1ej4d1ty,21.007505416870117,1
76561198257852304,WDSR* R1EPA,20.998058319091797,536
76561197991346337,[x],20.98845863342285,1
76561198078970434,stuff,20.98445701599121,172
76561198053988468,Laforge,20.97256851196289,1
76561198168622896,LovEmE,20.971925735473633,1
76561198977989119,DECAY,20.96470069885254,1
76561197978372224,leef,20.9625301361084,1
76561198017120527,RoMoLo!,20.9591007232666,3
76561197970661327,rosskii,20.95888900756836,1
76561198101553713,reli,20.95768928527832,1
76561198157637927,mag1c,20.95174789428711,1
76561197970764070,Pettern,20.951059341430664,1
76561198399413614,Krono3000,20.940406799316406,1
76561197977680100,pulz,20.936365127563477,43
76561198926898685,pacman,20.93450355529785,3
76561198345833971,xrb,20.920738220214844,9
76561198837314284,faye   ●,20.90654754638672,56
76561197960765240,professional cybergames athlete,20.891862869262695,1
76561198092220135,dallox,20.883949279785156,6
76561197963935795,goulox,20.856273651123047,9
76561198088617712,dobromato,20.852712631225586,151
76561197968656182,Drago,20.85089683532715,1
76561198000968466,Aiwon,20.846303939819336,1
76561198003745819,ты пидар с ВАКОМ,20.84063148498535,1
76561197971701149,VK PIRATA!,20.83865737915039,5
76561199223360248,ak1ra,20.83662223815918,5
76561198163827733,PAINE,20.81671714782715,1
76561198069298770,wieheisstder,20.80466079711914,2
76561198101614669,Billy-The-Kid,20.799814224243164,1
76561198036282777,Sparky007,20.780841827392578,1
76561198286173236,jiji,20.739591598510742,491
76561198154988302,toshka,20.732582092285156,1
76561198049631090,rashtafari,20.73134994506836,44
76561198437929483,M A S S E S,20.7291259765625,38
76561198284683846,ne_raketa,20.70770263671875,4427
76561198050188080,Vieudebris,20.6883487701416,1
76561198055826526,Алик афганец,20.662490844726562,2
76561197995718226,brutemaster,20.656457901000977,1
76561199143818171,zygnusX,20.6516170501709,1
76561199018105630,esdf,20.648151397705078,45
76561199037806917,Cabbe,20.644102096557617,1
76561198183760169,pl^r1bo,20.636259078979492,876
76561197974900892,Of.mdf,20.628326416015625,16
76561198216996623,edniM,20.616334915161133,230
76561198273093987,XaPi_Wave,20.604167938232422,1
76561198849995570,schuppmaster,20.604167938232422,1
76561198035719366,trippy,20.599645614624023,8
76561198023752501,tutor,20.59419822692871,1
76561197965803222,Pred21Psy,20.571027755737305,25
76561198019469151,koshmare,20.559661865234375,21
76561198976693761,Ryan_H,20.53384017944336,22
76561197978480630,HE4RT,20.518022537231445,35
76561198438351239,Captain Frost,20.499608993530273,1
76561198251423610,god damned1,20.488853454589844,12
76561198066083651,kerz,20.46147918701172,1
76561198389279171,KPbICA KOCMOHABT,20.401926040649414,4
76561198063351963,Deriveh,20.393129348754883,2
76561198312961829,headtrip,20.393129348754883,2
76561198034572568,jackass,20.39056396484375,1136
76561198019161242,dijiplay,20.384984970092773,5
76561198061282570,Troolz,20.343074798583984,41
76561198077156894,apex,20.342716217041016,1
76561198405968967,shaft,20.33819007873535,3
76561198157478207,N4SCAR,20.281213760375977,3
76561198240378464,PETERROR,20.278564453125,3204
76561197963192070,Poppy Farmer,20.27350616455078,3
76561198026705607,sev1,20.26790428161621,67
76561197983432480,DraQu,20.252735137939453,8
76561199078784879,n0p4a,20.223711013793945,1
76561198090117916,Fin,20.221290588378906,2
76561198202298607,realiko,20.221290588378906,2
76561198078270935,baby,20.221290588378906,2
76561198146967277,t,20.216432571411133,3
76561198037644063,Ruslan maybe,20.207895278930664,1
76561197972185309,Bjarke,20.17369270324707,41
76561199040556789,HiE,20.171302795410156,5
76561198108898948,SMILE,20.149250030517578,3
76561198395910383,0xf99000,20.117664337158203,1
76561198343210726,Foksy14,20.112337112426758,2
76561198208200276,spfx,20.10715103149414,4
76561198110879356,stanis1aw,20.106197357177734,2
76561198159947488,bjqrn0,20.100000381469727,1
76561197960732995,Nelfi,20.09951400756836,9
76561198120396942,SpryL3,20.095050811767578,118
76561198257330241,tough maf,20.091543197631836,1799
76561198130391533,Kyng,20.056507110595703,3
76561198162915948,400g. | sωaġ,20.031667709350586,595
76561198858311561,Igniz,20.02695655822754,2
76561198144940773,ortac,20.015560150146484,237
76561198074475643,Łąm,19.994569778442383,23
76561198038270379,DrJ ♦,19.983436584472656,84
76561198438765696,DRUMMER♪♫,19.967714309692383,2
76561199121375896,flexeh,19.95728874206543,1
76561198038891770,ParkourGrip,19.926956176757812,12
76561198275498876,120hz pedestrian,19.903146743774414,93
76561198065073292,yozhik,19.833234786987305,26
76561197989090581,Reeper,19.82308578491211,2
76561198007124518,N1rvana1,19.82308578491211,2
76561198107467569,mdm4,19.82308578491211,2
76561197983885998,Garb213,19.82308578491211,2
76561198244846558,Zayl,19.815162658691406,4
76561197998878883,Dumbeesz,19.815162658691406,4
76561197997344950,szergely,19.815162658691406,4
76561198195558153,DJLAHIRE,19.79890251159668,6
76561198058262913,Vuuda,19.755367279052734,4
76561198155342514,Whisp,19.755067825317383,3
76561198067929777,Thepeatbog,19.733983993530273,2
76561198013356693,ΗΞ∆ĐƵ,19.690032958984375,676
76561198034052937,kladde,19.68075942993164,6
76561198005470892,MALy,19.654878616333008,1
76561197965138514,luis,19.634231567382812,72
76561198852208796,SyperEblostrel,19.61100959777832,81
76561197994303305,Amlin,19.59323501586914,1
76561198185623770,ddd,19.588754653930664,6
76561197971202027,NOR,19.56464195251465,381
76561198258029478,@)--kissbang,19.50567626953125,19
76561198116670913,RedSpark,19.49715232849121,7
76561198040778674,yf5,19.47979164123535,5
76561197999520149,GZ|Xhine,19.423686981201172,2
76561198353793595,bobbie,19.42099952697754,134
76561198255927482,n e h z,19.409257888793945,643
76561198152469883,C4RTO,19.40775489807129,3
76561198040459287,Legal1ze,19.397432327270508,1
76561198050606298,senti,19.350399017333984,3
76561198068047395,Champion 2.0,19.350393295288086,2296
76561198031267126,sno,19.292423248291016,1
76561197996521039,c5_Nokto,19.288301467895508,3
76561197960307212,impulse,19.269617080688477,3
76561198256265484,distel,19.24493408203125,1238
76561198071748133,PussyDestroyer2001,19.21996307373047,1
76561198045440596,Newman,19.21996307373047,1
76561198282584164,NameOverload,19.21996307373047,1
76561197991424353,Beef Supreme,19.21996307373047,1
76561198053618300,Travllr,19.21996307373047,1
76561198078067291,morsy2k,19.21996307373047,1
76561198075132135,MeMe,19.21996307373047,1
76561198251776026,zxczxczxc ugly god clownless,19.21996307373047,1
76561198189763855,Boolean,19.21996307373047,1
76561198274887401,Pogchamp,19.21996307373047,1
76561198002775251,zzt,19.203832626342773,1
76561198289487513,CZE dzouKy,19.141902923583984,419
76561198039333244,Turquoise Assassinbug,19.114025115966797,3
76561198159568376,katilou55,19.103906631469727,6
76561197981991275,lnl Lapy,19.099679946899414,1
76561197990394890,Ewil,19.09556007385254,29
76561199577344341,pokanoname,19.08544921875,1
76561198053695674,macJIo,19.044414520263672,1
76561198042637778,bobbincat,19.000925064086914,1
76561198068937417,5erpico,18.965167999267578,4
76561198075986697,vix,18.925491333007812,82
76561198002656250,JiL,18.9179744720459,1
76561198083812071,///drobb,18.914287567138672,28
76561197963388994,le.klm,18.899982452392578,3
76561198431570017,JoJoLapinou,18.898956298828125,1
76561197961213721,Trixxter,18.859376907348633,57
76561197975338104,gravers,18.857065200805664,7
76561198018697333,badilate_a_nastro,18.81073570251465,21
76561197970742152,Hoebs,18.80851173400879,29
76561198113970099,cougne,18.8015079498291,11
76561198211489571,devknof,18.797332763671875,34
76561198140092774,VergiL,18.795486450195312,1
76561198318866295,razer edge,18.79153060913086,18
76561198254800056,Fancje,18.770009994506836,1
76561198201910164,Batu,18.769182205200195,59
76561198273924496,jb2k,18.763004302978516,2
76561198390597351,nedavni,18.740734100341797,4
76561199019858353,evgn,18.740734100341797,4
76561198150361379,oMg LunatiC,18.73387336730957,1
76561198122190533,Bwobafet,18.73360824584961,7
76561197997547811,NixHR,18.725852966308594,3
76561198159227773,Lightbringer,18.669414520263672,2
76561198160478499,F.,18.669414520263672,2
76561198256176051,sombre,18.66097640991211,232
76561198018569666,D4rkyFirefly,18.654048919677734,1
76561198017925635,CoredusK,18.59656524658203,6
76561198156511395,T2 Karby the Firm,18.588117599487305,1416
76561198098777141,Wallsnag,18.574724197387695,336
76561198084477064,Saske,18.566463470458984,2
76561198007350344,-=[SC]=- Zombiewurst,18.560216903686523,1
76561198056810327,-=[SC]=- YoungHee,18.560216903686523,1
76561198031911656,-=[SC]=- Verstuemmler,18.560216903686523,1
76561198064073347,n1,18.550792694091797,9
76561197972899925,nocturne,18.550535202026367,69
76561198005544847,Slu,18.507360458374023,11
76561198039145005,knz,18.470056533813477,15
76561198010476209,blatang,18.469646453857422,1
76561198031184737,vuduu,18.468564987182617,6
76561198073996997,•••••• cajun,18.464908599853516,148
76561197960413936,vith,18.459123611450195,1
76561198110753932,Mahr,18.45888900756836,2
76561198256690403,Pichi,18.45888900756836,2
76561198099614894,Beyond,18.45888900756836,2
76561198059057520,hierarki,18.438587188720703,2
76561198089614427,none,18.419771194458008,2
76561198060685650,HeRe,18.41932487487793,55
76561198043307726,ljd,18.362667083740234,6
76561198081759202,flabber,18.34563446044922,1
76561198075453821,flame,18.300695419311523,94
76561198007653853,RedCat,18.277158737182617,1259
76561198000555490,MrFumble,18.267393112182617,2
76561198014083230,Sonny,18.25628089904785,2
76561198000012924,Der Landvogt,18.25628089904785,2
76561198036924082,bzh,18.229482650756836,4
76561197982306173,Berjj,18.225908279418945,3
76561197996238930,purpur,18.22479820251465,7
76561198257221973,ziper,18.20037078857422,100
76561197960428381,RipperRoo,18.186983108520508,172
76561198347439472,(VVV) Маус,18.17811393737793,7
76561198064762317,Element,18.171852111816406,2
76561199181115867,Merlin,18.16482162475586,6
76561198041217904,GMT,18.164813995361328,2
76561197997299449,dezz,18.130126953125,70
76561198832299546,eszkriaa,18.108322143554688,1
76561198202980757,Fckrtrdqtx,18.108322143554688,1
76561197988774520,Wilhelm,18.108322143554688,1
76561197994328536,PurnGuy,18.108322143554688,1
76561197978345530,z1kWin,18.10679817199707,2
76561198331212053,dmk1n,18.083961486816406,69
76561198257693803,::MiA::,18.06736946105957,2
76561198252674402,festiveturtle,18.05575180053711,66
76561198384141863,Rekt dat pussi,18.04964256286621,2
76561198011971999,T1E,18.046119689941406,66
76561198166128882,inter esse,18.02337646484375,36
76561198037510001,Torskinatorn,18.0,0
76561198144328505,runny,17.999759674072266,20
76561198257366499,NuclearlidUKUSAUAPLDEFRSWE,17.998197555541992,2
76561199123746085,Laika,17.977611541748047,1
76561198256460146,jigglernaut,17.94254493713379,5
76561199164050811,DOOMa™,17.942197799682617,2
76561199207364293,naoya,17.9394474029541,158
76561198841136470,Dog,17.923805236816406,3
76561198004153770,bioatom,17.843769073486328,4
76561198257344621,ripperuts,17.837194442749023,11
76561198186137302,Respa,17.825382232666016,49
76561198274418376,ksa,17.820283889770508,2
76561198011905091,hur3r,17.81932830810547,2
76561198034086285,Karim,17.802017211914062,2
76561197961473374,instantpizza,17.764230728149414,11
76561198021140057,mAdix,17.753429412841797,12
76561197961355684,wuCk,17.750259399414062,10
76561198006186772,A|Gibi,17.734100341796875,32
76561197966241865,mobi,17.733806610107422,2
76561197962055262,Space_Monkey,17.700780868530273,2
76561197960311750,cigano,17.698776245117188,2
76561198254631200,Senpai,17.69373321533203,162
76561198200942503,shib,17.68816566467285,29
76561198070007566,Nesbocaj,17.68001365661621,6
76561198991143638,SALA.kusok,17.676433563232422,6
76561198257422662,ufoboss,17.67302703857422,2
76561198914897304,VK,17.639738082885742,1386
76561198056323565,ovEr,17.632736206054688,4
76561198337523139,Moody,17.6262264251709,3
76561197982297069,erebux,17.6262264251709,3
76561197994244242,butcher,17.6262264251709,3
76561198248401910,machine,17.6262264251709,3
76561198130454543,m$ FATman,17.618057250976562,14
76561198842696537,d4eaMz,17.608320236206055,184
76561197993968023,Diōspyros,17.60027503967285,5
76561197966424010,Dinning,17.597959518432617,13
76561198346863637,cripplingcokehabit,17.5711612701416,29
76561198145817503,Keltarimys,17.550251007080078,6
76561198040725697,KrzychuPeja,17.537935256958008,1
76561198221535128,autoteppich,17.537935256958008,1
76561197974069474,Heeen,17.537935256958008,1
76561197969976794,fragtion,17.537935256958008,1
76561198818843725,Hush,17.537935256958008,1
76561198884407760,Cassidy,17.537935256958008,1
76561197988982024,ischju,17.537792205810547,7
76561198257359402,jtgreat1,17.520402908325195,7
76561197993641736,monY,17.510761260986328,56
76561198214411141,Destiny,17.503028869628906,20
76561198090165083,xd,17.43720054626465,2
76561199240948561,festivetortuga,17.35243034362793,2
76561198086395647,IVNRay,17.290584564208984,2
76561198157555570,foo p1t,17.28188705444336,26
76561198049417378,Gandalf,17.259902954101562,3
76561198279892880,ttv/r3cke,17.25713539123535,67
76561198927486483,multipov,17.1978759765625,114
76561198136625024,Myp3uK,17.190908432006836,7
76561197977981685,SmOkZz,17.148944854736328,104
76561198061926521,The[Amazín]Bender,17.14447021484375,3
76561198239328094,beuleuveu,17.063005447387695,5
76561198141993917,nebulas0n9,17.05631446838379,6
76561198257839303,DMN,17.049732208251953,51
76561198084502751,dr.Ice,17.040620803833008,6
76561198295911323,k1ngstor,17.030452728271484,2
76561198089738264,brajente,17.026552200317383,11
76561197991317236,The Black Series,17.020389556884766,53
76561198355327823,aleksa,17.010766983032227,31
76561198002517111,darknox,16.99848747253418,5
76561198034799016,basbaas,16.925193786621094,17
76561198062139103,pengelephant,16.90259552001953,12
76561197986714309,Dobez,16.896224975585938,691
76561197968531304,QuantuuM,16.885469436645508,13
76561198015540450,/V0tnice,16.873533248901367,121
76561198109579696,chakoala,16.86918830871582,7
76561199017957023,optimist,16.863706588745117,3468
76561198059180212,Flato,16.85101890563965,298
76561198263495590,CZE tyfoon,16.82489585876465,44
76561198959359034,vishru,16.810012817382812,62
76561197981044085,Ayomeer,16.781272888183594,13
76561199123110219,sweet sizzurp,16.768611907958984,7
76561197969854990,HANZO,16.755964279174805,653
76561197981773839,Vlad,16.736841201782227,96
76561198085144665,beckc,16.703357696533203,5
76561197972799719,Annihilator,16.674955368041992,3
76561198153281479,badnews,16.643728256225586,7
76561198027058650,DropDead,16.620269775390625,15
76561198129446931,mrd marcusm,16.604761123657227,1
76561198038197222,kartmanio,16.570892333984375,83
76561198285488702,daoleq,16.55680274963379,1
76561198829086950,ikigai,16.53534507751465,99
76561198092872911,(DEMON)SPARK,16.42909812927246,1
76561198065701483,Xoroxous,16.42909812927246,1
76561198179959577,novaflash_,16.42909812927246,1
76561198018906553,nb,16.422996520996094,15
76561198030406166,White_Insane,16.383268356323242,2
76561198138689940,kozo,16.37529182434082,25
76561198254687687,KRL,16.3620662689209,8
76561197971742428,SuddenDeath,16.359834671020508,1
76561197987494853,WalWurst,16.359834671020508,1
76561198819674502,Akro,16.359834671020508,1
76561198079925365,beudel,16.359834671020508,1
76561198034782169,fau,16.355663299560547,70
76561199025422032,LANF,16.28402328491211,26
76561198076957617,lekhch,16.27501678466797,13
76561198800696040,fucker666-13,16.269329071044922,1
76561198095849569,VZArtwork,16.269329071044922,1
76561199112039185,y4ycb urpATb,16.25531578063965,1
76561198073113616,MountainJew,16.25531578063965,1
76561198237293132,BANANMANX47,16.21955108642578,1935
76561197961474370,thewreck,16.169923782348633,3
76561199113000534,steann,16.169923782348633,3
76561198004935711,Bunny Blood,16.119060516357422,2
76561199143759517,eVeRyoNe,16.109819412231445,2
76561198030173590,bias,16.0594482421875,1001
76561197991469038,hoolaba),16.04309844970703,2
76561197960358428,ILMYR,16.03217315673828,3
76561198123044668,pele_storm,16.028627395629883,3
76561197990910678,robo,16.0,0
76561198001027360,Positive,15.975824356079102,121
76561198883125814,Only_Toxic,15.871459007263184,2
76561198162525946,booza,15.87127685546875,7
76561197992593520,Raven,15.773144721984863,605
76561198216026276,hiri,15.747556686401367,634
76561197970590864,zcn,15.716928482055664,23
76561198028252710,para,15.698307037353516,6
76561198047977923,Schokosnuss,15.685585975646973,2
76561198239414332,shopify rebellion,15.681279182434082,74
76561198047471335,h3lldown,15.676840782165527,10
76561198256393746,dsds,15.66183853149414,429
76561198400269649,short,15.620368957519531,2
76561197985034564,m0nkeee,15.610037803649902,5
76561198155662969,Birna,15.60207462310791,799
76561198354200908,Bolland,15.59877872467041,2457
76561198028892487,Vachovsky,15.588759422302246,3
76561197996713902,Manco,15.587742805480957,296
76561197965121708,rdmz,15.585901260375977,9
76561197960714015,cYmoZz,15.563182830810547,3
76561198067129637,SkyclW,15.561725616455078,8
76561199160503677,unvrs,15.485419273376465,2
76561198262979139,xgo,15.483516693115234,352
76561198073894375,Visa,15.382678031921387,29
76561199223564747,muratduvenci,15.345913887023926,5
76561198097295025,kammy,15.335134506225586,11
76561198398667921,Tokki :),15.321575164794922,2
76561198025613769,luksus7,15.318442344665527,1
76561198231343020,JoCKo,15.310072898864746,8
76561198047679446,jan0r,15.270687103271484,12
76561199196191872,SLEJD,15.174991607666016,13
76561197976530588,cippi,15.133007049560547,32
76561198037758758,anzu,15.040657043457031,3
76561198258475383,Janti,15.033355712890625,64
76561198992021915,GlooM.,15.0,0
76561199045876362,76561199045876362,15.0,0
76561198022133177,cityy,14.999558448791504,14
76561198125710191,/// ラナベアーズ,14.97927188873291,223
76561198278403238,like_u,14.978384017944336,20
76561197970616509,luka_,14.964642524719238,5
76561197965673280,Lysop,14.961944580078125,6
76561197990185691,FlanK3r,14.960567474365234,29
76561199111248834,Buv0,14.93912410736084,131
76561198002265065,Abelics,14.891971588134766,9
76561198306122214,✪ Ace,14.87702751159668,14
76561198313593096,Hunda,14.8505220413208,55
76561198061877275,Kaide,14.850513458251953,4
76561199038871744,Mr_Cthulhu_FnR,14.788406372070312,6
76561198200771114,ﬁﬁ,14.778231620788574,24
76561198192864859,ABAD,14.726476669311523,14
76561198078930075,LeopolD,14.65902042388916,316
76561199044683584,Chet0!!,14.586236953735352,155
76561198139018619,★ Lambaro ⭕⃤,14.58281421661377,23
76561198013811463,Kekpin,14.560157775878906,481
76561198015061341,nuxnox,14.55687141418457,29
76561198401960873,kanipox,14.541211128234863,1
76561197993900542,-ayerese,14.520377159118652,27
76561198036805699,CabalCrow,14.462334632873535,3
76561198123337507,mst,14.450851440429688,29
76561198020726471,ptolemy,14.435929298400879,3
76561198151319268,CUBA artemis4,14.384278297424316,25
76561198037229684,corls,14.330020904541016,118
76561198256071177,impxxz,14.325284004211426,67
76561197999207328,mgn,14.312395095825195,9
76561198145292091,[BA]pqofficer_,14.295597076416016,328
76561198179163925,Salvatore Ganacci - new Jesus,14.222149848937988,10
76561197971108050,Gravity X,14.210816383361816,13
76561197991864480,OtsoCity,14.201927185058594,5
76561198259839754,smackalodon,14.17480182647705,7
76561198038897947,jericho,14.10777759552002,509
76561198030933162,Lokario,14.09441089630127,3
76561198441632040,ap0c,14.007604598999023,20
76561198146266686,andjey,14.00599479675293,28
76561198287296228,basslover,13.938581466674805,4
76561198058642020,Hypnotic,13.922733306884766,236
76561198120751376,pic,13.920012474060059,7
76561198066919837,KoHaH,13.890690803527832,3
76561198044261569,Rowdizzle,13.878870964050293,44
76561197971167139,OmegaBOOM,13.824127197265625,17
76561199047073579,Suffer,13.744685173034668,1
76561198927419412,ngana,13.744685173034668,1
76561198121842688,^demonio,13.741358757019043,1398
76561197995121689,p5ych0,13.705083847045898,113
76561197975424969,sh@dy,13.679152488708496,1
76561198288223826,dx,13.676448822021484,15
76561198142625480,TroogS,13.640165328979492,1
76561198260258846,SuckOnThis,13.640165328979492,1
76561197971669497,shguro,13.640165328979492,1
76561198101805863,stral,13.588491439819336,5
76561198030155741,WoXXeN,13.570902824401855,1
76561198074257713,Raw Corn,13.570902824401855,1
76561198007088416,waters,13.490812301635742,58
76561198020930676,garbol,13.4705810546875,113
76561198084245624,Abe,13.442180633544922,9
76561197988341610,light,13.43626880645752,4
76561198190514335,lilboniek #MOSDEFzGDA,13.394471168518066,1
76561197982219548,Realf1re,13.271239280700684,60
76561198067730768,ORANG-UTAN,13.266547203063965,50
76561198251690480,saDas,13.231284141540527,104
76561198198855191,swalz,13.163213729858398,175
76561198011835185,ntE,13.154078483581543,25
76561198083397376,Zaharka,13.081583023071289,27
76561198071895271,Mr. Men Man,13.006372451782227,5
76561197994076182,UNiCORN,12.97934627532959,3
76561198210250352,Incanu7,12.931222915649414,69
76561198080912087,world of numbres,12.916804313659668,1
76561197976292237,Hastiest Traitor,12.873737335205078,18
76561199189134869,ay,12.839256286621094,2143
76561198098137308,Have Hugs☻,12.830076217651367,254
76561198167199611,DarkJohn,12.802083969116211,1
76561197995711194,Juxtapox,12.802083969116211,1
76561198364667774,uuso76,12.795297622680664,3
76561199155720352,ThickenNugget,12.776937484741211,50
76561198078973010,Of.dmlzr,12.770760536193848,5
76561198155708408,Of.puen,12.770760536193848,5
76561197996118341,Of.p1s,12.770760536193848,5
76561198067977005,TekkenGrandPa,12.630590438842773,32
76561198331822372,жить вечно,12.619989395141602,98
76561197965586063,HaraldQuake,12.609603881835938,3
76561197989327155,Dark,12.519503593444824,10
76561198056013425,judge_dred,12.462064743041992,1
76561198053767074,AK,12.462064743041992,1
76561198027777922,conaglio,12.462064743041992,1
76561198189545349,Boba Phredd,12.462064743041992,1
76561197970556806,Mateo,12.462064743041992,1
76561198071227949,Shade,12.462064743041992,1
76561198033156611,aW.phalaer,12.373773574829102,3
76561198067419604,ToyBoTT,12.373773574829102,3
76561197960362547,prophecy,12.373773574829102,3
76561198208499293,ʕっ•ᴥ•ʔっadz,12.373773574829102,3
76561198019551525,ВЕТЯ,12.353281021118164,5
76561197990348465,Prophy,12.32856273651123,418
76561198065147265,Broccoli,12.319143295288086,1
76561198257435682,dazz0r,12.279504776000977,4
76561198019199571,kolodziejov,12.276070594787598,3
76561199376329897,DOOM,12.225564002990723,3
76561198865486945,Витус Служкин,12.165989875793457,23
76561198964102618,michal,12.152957916259766,2
76561198001014012,NaeDanger,12.131823539733887,1
76561198332980948,vasho,12.118317604064941,7
76561198164750353,287 thek1ng,12.081863403320312,3
76561198071467243,Xsi,12.080863952636719,3
76561198024637877,GGSh0w,12.078986167907715,14
76561198119962653,ka5ta,12.040486335754395,5
76561197979388221,syd666,12.0,0
76561198165352013,gg+,12.0,0
76561198027215543,ЯƟVƖɌUƁƖ,12.0,0
76561198007541496,raw,12.0,1
76561197960502751,Helten,12.0,0
76561198336074607,AC/DC Charv,11.927770614624023,121
76561197972529556,fn4c,11.9112548828125,4
76561198020857527,pele,11.891676902770996,1
76561198085628379,det,11.891676902770996,1
76561198003616202,strandsatt,11.891676902770996,1
76561198046115292,JEPPELIDO,11.891676902770996,1
76561198072509717,GOOGL3,11.733691215515137,11
76561198038477971,^cyku,11.722508430480957,3
76561198158413470,g_e_o,11.692337036132812,201
76561197994841385,Rels,11.689266204833984,1
76561197999539832,marvelous,11.680085182189941,3
76561198264948881,qra1337,11.630220413208008,1
76561197997096521,FennZ,11.558987617492676,1
76561198257496197,CRYING LAUGHING POMIDOREK,11.53742790222168,1
76561197968556118,fetzer,11.50948429107666,1
76561199889207272,niewi jr,11.479479789733887,1
76561198014873490,Knetic,11.465130805969238,1
76561199072186034,Corgi,11.460637092590332,1
76561199135005128,itk,11.459595680236816,32
76561198060015931,liveth,11.455218315124512,567
76561197986916781,-=[SC]=- Edgy,11.439784049987793,1
76561197987565047,Sixty069,11.439784049987793,1
76561198194802159,-=[SC]=- will0r,11.439784049987793,1
76561198453046250,Bonez,11.439784049987793,1
76561198832823568,400g. |SLON,11.376873970031738,32
76561198851885329,Adel,11.352691650390625,28
76561198174464277,Kawakll,11.285639762878418,1
76561198055014035,Shadich,11.230232238769531,1
76561199622548415,Andjey,11.223155975341797,1
76561198004545167,Morda,11.219002723693848,35
76561199243476938,newic,11.2163724899292,3
76561198322985618,amakaz,11.205642700195312,2
76561198261482853,deflax,11.185098648071289,1
76561198202091255,FF^Zyb,11.169818878173828,1
76561198013097787,TN F10PPY,11.160239219665527,12
76561198000845343,ZeNity,11.139710426330566,1
76561199443706015,BobbyBobs,11.102011680603027,1
76561198011518472,solipsist,11.091546058654785,1
76561197965325360,www.twitch.tv/game_live_tv,11.088006019592285,3
76561198042058715,mayh,11.078545570373535,1
76561198074896676,Zodiak,11.076805114746094,1
76561198756497108,z00mah,11.02017879486084,3
76561198262612338,DooM,10.989760398864746,1
76561198355413498,thylmanoid,10.97398853302002,1
76561199476963981,PSYGNAL,10.961950302124023,1
76561198840551692,Ajzynblat.,10.941052436828613,1
76561198147729239,daddy ɬҽցισɳɳ,10.901695251464844,1
76561198155538553,aLx,10.849233627319336,1
76561199489280178,atz333,10.81457233428955,1
76561198083804275,[333]Maverick,10.79318904876709,1
76561197982219286,Jeror7,10.775016784667969,1
76561198066430711,Dark,10.714947700500488,1
76561197995202003,Dimmy,10.664968490600586,1
76561198027254024,kodisha,10.60986328125,10
76561198275956025,Needy,10.597467422485352,15
76561198014544046,KidChris,10.592246055603027,3
76561198413574908,Max,10.568498611450195,19
76561198262266986,goblin,10.568257331848145,15
76561197973603369,BaMoFu,10.5628662109375,6
76561198257283478,Personal_Best,10.549745559692383,222
76561198257498691,soldier boy,10.474100112915039,1
76561199158838576,sab_ag,10.409937858581543,3
76561198079031282,ChepikkAFK,10.329249382019043,579
76561199018537762,tra,10.296224594116211,815
76561198322085940,calyx,10.245583534240723,2
76561197986106849,bobr_kurwa,10.123246192932129,11
76561197974147113,nexus,10.024557113647461,25
76561198064108570,VeNge,10.010261535644531,22
76561198298756066,^VaNeK,10.0,0
76561198061606701,dekotur,10.0,0
76561199017612129,76561199017612129,10.0,0
76561198001010903,Mr. Hard R,9.834275245666504,31
76561197965374315,kai Vincent the Beast,9.72974967956543,12
76561198257169571,Minz,9.604496002197266,3
76561198397735890,Dubonnet,9.59753704071045,14
76561198969267099,Bored,9.591211318969727,346
76561198062801450,nm,9.58362865447998,1462
76561198100462782,marjeeK,9.575875282287598,8
76561198013519231,naezith,9.512900352478027,2
76561198081963125,Tenneen,9.474286079406738,1
76561197999636819,alphOns,9.455985069274902,6
76561198135845109,cleric,9.40095043182373,45
76561198022824589,Nimrod,9.33559799194336,5
76561198256969692,10eloguy,9.328701972961426,307
76561198181739161,doz3r,9.235358238220215,645
76561198061175537,MaK3,9.093913078308105,9
76561198273556024,.,9.059467315673828,59
76561198107746038,xxxʟ,8.969261169433594,41
76561198050460290,sephrenia,8.863715171813965,71
76561198259152971,^Lampyre,8.729948043823242,9
76561198185067855,PROTOTYPE,8.52713394165039,2
76561197987669747,Skywalker,8.485795021057129,1
76561197970285142,flash,8.485795021057129,1
76561198150217015,DamIen7,8.451353073120117,34
76561199133744233,bLago,8.420995712280273,2
76561198063524394,Farys,8.316878318786621,14
76561197995338411,staaldk,8.26524829864502,16
76561198161206650,¯ɐʞdɐxʎʞ,8.156221389770508,1
76561198109279369,g681,8.066019058227539,12
76561198033728426,GERONIMO,8.056694984436035,3
76561198073925167,челебубис,8.055055618286133,51
76561197971676902,bitkid,7.955972194671631,142
76561197988153963,ta1kun,7.942265033721924,2
76561198010961883,chaaron,7.884483814239502,2
76561198348712451,ajssik,7.850768089294434,2
76561198067064946,Steve Jobs,7.767247676849365,2233
76561198016340940,kf,7.727789878845215,2
76561199230519576,magnetic,7.639066219329834,6
76561197970658524,Rampage,7.591080188751221,2
76561199417609810,kaliope,7.527329444885254,4
76561198074596253,otpizjunahuy,7.4265522956848145,15
76561198208599632,baba,7.3823347091674805,2
76561198146349598,nxn,7.339657783508301,2
76561198009892388,radz1k/m0ss,7.280032634735107,26
76561198163883760,Unchyy,7.246448993682861,2
76561198157721907,gisy_lischka,7.243947982788086,1
76561197986214859,Caswell Berry,7.243947982788086,1
76561197984745313,Furchtlos,7.243947982788086,1
76561198318549980,Deni_the_FISH,7.074389934539795,14
76561199798987016,247,6.9409403800964355,37
76561198004061253,schulzxore,6.922618865966797,5
76561198152936342,rindo,6.899965286254883,18
76561199112540669,awlik,6.666819095611572,1
76561199169192984,boozik,6.631889343261719,5
76561198127135615,exp,6.609602451324463,14
76561198107635920,LaLaLogin,6.554444313049316,15
76561198370131699,FlawlessNoob06,6.446319580078125,1
76561198849564686,wigglehos,6.446319580078125,1
76561198989489306,TheCAT,6.446319580078125,1
76561198236090056,♡ Leminya,6.446319580078125,1
76561198086315854,anal_crasher88,6.3095927238464355,1
76561198994704226,staal,6.248602390289307,1
76561197969409596,jumpkill8,6.196413993835449,3
76561198974297508,MolkyPolky,6.102001667022705,7
76561198338067832,DEFENDER,5.531827926635742,17
76561198271209759,msth_,5.3517537117004395,3
76561199246048916,kr0n0tu,5.0,1
76561198041521162,iLLEGaL_MentAl_ManiAK_47XD?,4.904103755950928,2
76561199831001966,Sufz,4.541320323944092,3
76561198051109164,Bayou Hawk Pro Skater,4.28007173538208,17
76561198258352053,l0l04,4.014628887176514,3
76561198008874287,有很多小电影一起看看,3.8429160118103027,1
76561199046736296,neuropsychology,3.817479133605957,9
76561198450760737,Neser mě a vyhrajeme,3.695516347885132,6
76561198061501127,HellTigerCPM,3.611403703689575,36
76561198007998411,7r1bb1e,3.487058162689209,13
76561199134687209,bfgTome,3.1679341793060303,16
76561199057401683,fps_daniel AKA mid-air Xpert,3.087460517883301,94
76561197988201727,Metrocop Δ,2.956900119781494,3
76561198062943257,kulprit,2.9258017539978027,17
76561198113434467,cataklysque,2.7380712032318115,4
76561197990495199,panicz_pl,2.7348217964172363,4
76561199445531821,ant1,2.4952640533447266,18
76561198020963681,Kirreen,2.1570839881896973,1
76561198121893045,xaus.se,2.1144301891326904,14
76561198273605839,ffuw,1.9403849840164185,2
76561199018873319,Nined,1.7508140802383423,31
76561199064101426,Komrade Maks,1.684442400932312,1
76561198257375722,King_Karl,1.3875936269760132,1
76561198022157202,duggie,1.1409831047058105,10
76561198154068949,Lunar,0.0,1
76561197960888944,scHildo,-1.0812960863113403,15
76561198156273988,RaiZo,-2.087965250015259,2
76561198064218291,Spyros,-3.028791666030884,8
76561199047888807,vcxyvcxy2,-6.891528606414795,6
76561198347368776,Dawnraven,-11.563970565795898,4
